674,#mtp @meetthepress How is deleting emails -part of the government record -different from erasing parts of a tape? #nixon #p2 #SemST
675,@JDSon78 @AndrewBroering AndrewWhyDoYouCareAboutWhatIThink? I DidNotRealizeThatIWasThisImportant. SirTweet AndrewIsAPaidTroll #SemST
676,The white male vote is solidly GOP. The black vote is solidly DEM.  That leaves white females and brown ppl. #FeelTheBern #SemST
677,"@nyinvesting big banker buds need to ratchet up their ""Hillary cares about the little people"" propaganda  #SemST"
678,@GOP Why should I believe you on this? The GOP leaders in congress won't fight Obama now!!! #tcot #SemST
679,"@RushetteNY @TwitchyTeam Hillary to press: ""Curtsy while you're thinking what to say, it saves time"" #throughthelookingglass  #SemST"
680,@GovtsTheProblem This is what I see: Make way 4 ur queen peasants! Don'ttouch or talk 2 her U filth! #NoHillary2016 #Benghazi  #SemST
681,@CNNSotu @jaketapper - Can we get back to the issues? That's what #Bernie2016 wants to talk about. Not about #SemST
682,@nytimes But throws a rope around reporters and free speech.  #HillaryInNH #SemST
683,"#IfIhadAdollarFor wondering, was I that stupid when I was a #Democrats? #Obama #2A #NoAmnesty #WakeUpAmerica #SemST"
684,@BeladonnaRogers @Chairmnoomowmow The compliant media allowed themeselves to b herded by a couple of strands of rope? Good sheep! #SemST
685,The #HillaryCampaignSong Top 20 will be revealed (and voting will resume) Monday morning at 10am PT! #SemST
686,@HillaryforNH will u rope off the people too Hillary swine?  #uppers #uniteblue #SemST
687,.@mite72 @PatVPeters NEITHER ONE!!!! Just making a funny! #SemST
688,"@LVNancy @incessantpatrio @bcwilliams92 Yes! #SoMuchUgly in #HillaryClinton, Hollow Acts Are Infamous! #WhyImNotVotingForHillary #SemST"
689,"@WoodenThreat @incessantpatrio @bcwilliams92 that was fun, but it wont be if we have another FAKE #POTUS #WhyImNotVotingForHillary #SemST"
690,Does #hillaryclinton lie and engage in cover-ups to do damage to the country or does she do it out of habit?  #tcot #uniteblue #SemST
691,I find allowing the deaths of Americans in Benghazi to be more offensive than the name Redskins. #Benghazi #redskins #SemST
692,"@Conservativeind @cannoneerfour Lets hope!  She's a killer, liar and a coward! #WakeUpAmerica #MakeAmericaGreatAgain #SemST"
693,"@DaGodfather907 @NahBabyNah If Jebb is our candidate, we will hand Hillary the keys to 1600?Penn Ave. #WakeUpAmerica #SemST"
694,The ropes might keep people back now Hillary but You WILL answer to americans come debate time you coward. #tcot #RedNationRising #SemST
695,"RT @harrisongolden: ""So Clinton-esque,"" Brit Hume said of Hillary's email controversy. ""You never quite get the whole truth.""> #SemST"
696,"I think marriage is as it has always been, between a man and a woman. - @HillaryClinton  #MarriageEquaility #justsaying #SemST"
697,@HillaryClinton Pin the tail on the DONKEY!  That means you Hilldawg.  #BernieSanders  #Jeb2016 #Cruz2016 #Election2016  #Rubio #SemST
698,@HillarityPress @Amedicinewoman 1.Food: #Benghazi 4 NeverAteAgain 2.Weather: #Benghazi WasFireHot 3.Pets: #Benghazi 4PetsMissThem #SemST
699,"I'm 72 yrs old and ever since I was 6 yrs old I wanted to live long enough to see a woman President - Jim from Monticello, IA #SemST"
700,What Are We Believing in?  BELIEVE IN VICTORY. Go for  #VICTORY2016  #SemST
701,"The federal government did not create the states, the states created the federal government. Ronald Reagan #Federalism #SemST"
702,@tracieeeeee @Irishsmiles1966 @Chloecat317 @weknowwhatsbest THINK POSITIVELY! #OiP #Cruz2016 #MakeDCListen #NoRINOs #NoLibProgs #SemST
703,"Congratulations to our Women Soccer Team for just winning the World Cup against Japan 5-2, women rule ! #freeallfour #SemST"
704,Team USA  showed the world what American women are capable of! Is Hillary next? #WWC2015 #SemST
705,"@HillaryClinton: Here's to fearless women chasing their goals. Congratulations, Team #USA! H #SemST"
706,@deeceejazz Do we really want to know what's under those pantsuits? Besides the black heart of evil. #SemST
707,@HillaryClinton FUCK OFF CROTCH ROT BITCH  WE ALL KNOW WHAT YOU THINK ABOUT WOMEN AND RAPED GIRLS #HILLARYCLINTON #USA #SemST
708,"Beware of #Kochtrolls bashing our candidates. I will not bash #Hillary. She's my plan B, for gosh sakes. #Bernie2016 #SemST"
709,"@Breaking911 Probably she made a promise to support gun rights to one citizen, while promising to ban guns to the other #SemST"
710,@nolyklibs Awww does #Killary think posing for that pic will make her look like a real human? @jlconnell66 #Benghazi #Shillary #SemST
711,@danmericaCNN @GenGSPatton @danamericaIt looked like they were the ones tying the knots. @jlconnell66 #Killary #SemST
712,RT @hamackey: RT @SlyDude3677: @msnbc  Republican Menu...pic.twitter.com/z4PH6VTJFl  #SemST
713,The press needs to get out of the way so the peasants can get a glimpse of her Highness. #morningjoe  #SemST
714,"@HillaryClinton had a duty to preserve ESI Now it's someone's duty to prosecute & sanction her Apparently ""duty"" is irrelevant #SemST"
715,@dougshelton749 @realDonaldTrump  #HRC would be an even bigger threat to America than #Obummer.   #WakeUpAmerica #SemST
716,@AppSame: Queen @HillaryClinton Was asked What she thought about @realDonaldTrump comments on illegals She Said LET ME EAT PIE #SemST
717,@dougshelton749   Let's hope her campaign unravels before Dec.  We can't have this liar as next President.  #SemST
718,"@dougshelton749  If @realDonaldTrump finds evidence, he will expose #HRC as the horrible candidate she is.  #SemST"
719,@dougshelton749 @realDonaldTrump  I'd be happy if that scandal brings her down.  There will be others...  #SemST
720,RT @CattyHipster: Live today like it's your last day. But pay bills and dress appropriately just in case it isn't. #420 #SemST
721,@TheJackOBrien @instapundit BOOM! I believe the 6th 'reporter' from the left has forgotten her mittens. #MediaStiffArmed #SemST
722,"That's true, as long as one works hard, has a record of accomplishment and deserves it. @HillaryClinton NOT #SemST"
723,"AKA Depends Day ""It all depends"" and Owebama's positions make you fill your Depends. @jjauthor @weknowwhatsbest #SemST"
724,"#HillaryClinton wants to be elected (thinks she's entitled)to WORK 4 the PEOPLE, & yet, she wants nothing to do with them!#peons #SemST"
725,@WashTimes This is indefensible! One of the dumbest things I have ever seen a campaign do. Even the left was outraged by this.  #SemST
726,@thehill Who's in charge of Hillary's campaign? Please get it under control and on message. #smh #SemST
727,@tiffiwestcott  I got mine and I love it. #SemST
728,Education should not be a debt sentence! -Former State Representative Patricia Harper  #FellowsIA #SemST
729,Hillary Clinton is a devious & deceitful career politician. She is the Richard Nixon of our time. #SemST
730,"HRC is a war monger, every bit as bad as any Republican in the race, and probably worse than some. #SemST"
731,It's interesting how many liberals are so brainwashed and anxious to mindlessly support a woman who isn't even liberal #SemST
732,The young Skinheads from yesterday's Aryan Nations has grown up to become the Tea Party of today. Same exact doctrine @msnbc  #SemST
733,"If it's been 80+ days since you've done an interview,  can we assume you're not really running for president? #SemST"
734,"@peddoc63 @Fr3333dom Seems the way we're going. Lord, I hope Bilderbergs don't pay for Hitlery like they did O. #SemST"
735,I dislike our idiots as much as I dislike theirs. #SemST
736,Take care of your finances. Spend sensibly. Save for a rainy day. Live within your means. Resist greed. #Greece #SemST
737,@politicalmath @BoboFromTexas doesn't matter. Nobody cares if the Clintons make mistakes as long as the checks keep coming. #SemST
738,I don't know how well a socialist is gonna play with southern democrats. #BernieSanders #SemST
739,"@Slate @pinkbunny70 Buh-bye, Bernie. I agree w/most of your platform, but your gun stance is unacceptable. #ENDTHENRA #SemST"
740,Barrack Obama doesn't care about his own town! Where do you live? Think he cares about you?   #TheFive #NoSanctuaryCities #2A #SemST
741,The recent comments of #HillaryClinton sounded like it was #Netanyahu speaking. Doesn't bode well. #SemST
742,There's a special place in hell for those who complain more about Hillary than the scum we're fighting. #Obama #SemST
743,"@PantanoLaw Thanks for the follow, may God bless you and your family.  #freeallfour #SemST"
744,Dana made this shirt w/ lots of #glitter! #awesome #decoration #SemST
745,"@Camilian1Sabel Amen to that, everybody has to pay their way, no welfare either.  #freeallfour #SemST"
746,"Wait...... you said ""BILL COSBY?""  Oh, I'm sorry, I thought you said ""BILL CLINTON!""  #uniteblue #ReadyForHillary #SemST"
747,Rhodham Hood: It takes a village to  community organize wealth redistribution Obama-style.   #SemST
748,I just don't think we need an old white guy in the #WH - Who would his #VP be? voting for #SemST
749,SO ANYWAYS WHAT DID HE SAY? ANYTHING ABOUT VOTING FOR ME? #OBAMA #ISIS #ISIL #SemST
750,"WHAT IS ""THE THREAD OF VIOLIN EXTREMISM?"" #OBAMA #ISIS #ISIL #tcot #Elocution #SemST"
751,Right now every liberal in America is feeling hopeful. We have GREAT Prez candidates. #UniteBlue #FeelTheBern #SemST
752,"@TGowdySC Your committee has NOTHING!, 4 other committees found NOTHING! UR wasting our money on a witch hunt. #HillaryClinton #SemST"
753,@Reince This is very credible! Good work! America is desperately in need of good leadership. #VoteGOP #NoHillary #SemST
754,@AdamSmith_USA Nice video. GOOD Luck WITH it. #SemST
755,@HillaryClinton @HillaryforNH hope to see her in NC soon #SemST
756,I'm going to miss the 5pm interview so I'm depending on you all to live tweet it. Haha #SemST
757,"While I like Bernie as much as the next liberal, if we nominate him we could actually lose to some RWNJ #SemST"
758,Wondering if my Hilary 2016 sticker will affect my popularity at the shooting range... #firstdate #SemST
759,@AdamSmith_USA because clearly @HillaryClinton is a champion for us all. #SemST
760,@SenSanders bashes Obama job numbers.Calling it a lie. #istandwithPresidentObama #VoteBlue2016 #HillaryClinton #Democrats #SemST
761,just saw ad about @marcorubio being tough on #iran it made my brain hurt #Election2016 #politics #SemST
762,"@MarkSoveign won't happen again. Hillary's coattails will help all democrats. Take back senate, Keep WH! Make history again! #SemST"
763,"@HillaryClinton now can add #ropegate to her long list of ""accomplishments #hillaryforprison2016 #entertainment #SemST"
764,"Tea Party Nation, Tea Party group listed by Southern Poverty Law Center as hate group. The Tea Party is The NEW Aryan Nations #SemST"
765,"It's time that we move from good words to good works, from sound bites to sound solutions.--@HillaryClinton #ReadyForHillary #SemST"
766,.@politicoroger It is 2015. You and the other high minded media are not more important than then story. Have a seat. #SemST
767,"@irritatedwoman She lied under oath before, why trust her to speak the truth now? #SemST"
768,"True Christians follow Mathew, Mark, Luke and John. GOP-Tea Party anti-Christians follow Hannity Limbaugh, O'Reilly and Palin #SemST"
769,@HillaryClinton the @DalaiLama speaks of women in leadership roles bringing about a more compassionate world. #potus #SemST
770,@HillaryforNV Many thanks for the follow! #SemST
771,@gabriellahope_ @HillaryClinton Does the general public trust her enough to be President? Don't think so. #SemST
772,"Based on the long lines, I thought it was free burrito day at Pancheros but it was actually Hillary! #ReadyForHillary #SemST"
773,"I've been called many things, quitter is not one of them -@HillaryClinton in Iowa City Public Library #HillaryforIA #SemST"
774,@HillaryClinton condemns anti-Israel boycotts as 'counter-productive' #SemST
775,Have full faith in @HillaryClinton's campaign. #strategy #politics #SemST
776,"Amazing, inspiring speech&question session in Iowa City from @HillaryClinton .Her answers on education&health care were clear. #SemST"
777,@OutnumberedFNC: Hillary chooses Brianna Keilar for her first interview. What can we expect? #SemST
778,Anyone who knows or whiteness bigotry & does nothing is just as guilty 4 not doing anything morningjoe #UniteBIue #SemST
779,"@trayNTP Why doesn't he run as a Socialist? Then he can hit Obama anytime he wants. Otherwise, it's just not done. #Bernie #SemST"
780,@OutnumberedFNC: Hillary chooses Brianna Keilar for her first interview. What can we expect? Disgusting slobbering over her. #SemST
781,My whole day is revolving around @HillaryClinton 's interview with @brikeilarcnn on @CNN and I'm okay with that! #SemST
782,@LeighAnnKopans can I get your pattern for this cross stitch? I want to make my own! #pride #SemST
783,Hillary Clinton Accomplishment of the Day: extended full military health benefits to reservists and National Guard members. #SemST
784,"If @HillaryClinton becomes president I'm not leaving the country I will just go ""undocumented. #SemST"
785,7 years ago this month #POTUS released his groundbreaking First Americans tribal policy platform. You're up #Election2016 #SemST
786,@kwrcrow Probably for the same reason bho has not ...& @SpeakerBoehner is one of them @GOP @HouseGOP @seanhannity  #StopBush #SemST
787,#HillaryClinton just cannot accept the fact that #America does not like her. #HillaryonCNN #BernieSanders #SemST
788,"@HillaryClinton is plain amazing, humble, smart and confident! Let's get it Mrs. President! #HillaryClinton #SemST"
789,@thehill Great now Hillary knows how the american people feel about the majority of politicians including her #SemST
790,"She's smarter and works harder . Empty accusations,inferences,gossip and rumors are rubbish. #SemST"
791,"@MedvedSHOW   wow.  So shrill. Hating Hillary as badly as you hate homeless, transgenders, and people who ride trains #SemST"
792,@kasie I do! And I had an invitation to their beta test before they even officially launched. #HillaryLies #SemST
793,@CNN @jimsciutto Good i'view #Brianna. #Hillary NOT responsible 4 slander/libel-lies r indefensible. WILL be next #POTUS. #SemST
794,"Either way, @HillaryClinton rises above the media chatter every time. That's one reason why I admire and respect her so much. #SemST"
795,@TwitchyTeam ...and then she'll turn around and treat them like dogs. #RopeLine #SitUbuSitGoodDog #SemST
796,"Obama is 'opportunist,' Hillary Clinton no different just 'more militant' - Chomsky #TruthBeTold #notmypresident #SemST"
797,@USATODAY @HillaryClinton how about finding her a #pathtoJAIL #DONOTPASSGO do collect any Any more of #WeThePeople s #SemST
798,@AC360 of course she is disappointed. Hillary only approves of lying to Americans. #WakeUpAmerica #pjnet #SemST
799,Trying 2 unfollow every twit who isn't going 2 vote if their candidate doesn't make it to the general.  #FeelTheBern   #SCOTUS #SemST
800,ROFLMAO! 2012 @GOP couldnt kiss enough of #DonaldTrump ass! Now GOP cant run fast enough. #tcot #uniteblue #Bernie2016 #SemST
801,@HillaryClinton made me proud today!  Nothing like reinforcing what I already knew!  #SemST
802,@N_Fatale @bayareahausfrau ILLEGAL IMMIGRATION IS GOOD FOR THE ECONOMY AND GOOD FOR OUR CHILDREN #tcot #SemST
803,@HillaryClinton great job on @CNN interview today.  Fuck stupid MSM. Go #SemST
804,Hillary upset GOP candidates didn't respond to Trump's illegal imm comments immediately-yet we're still waiting for her emails. #SemST
805,@HillaryClinton Many of us r near ruin! #SaveTheMiddleClass #PresidentHillaryClinton #StopOutSourcing #SemST
806,America has no tolerance for cheaters and liars in the White House. #NoBillary #Women4GOP #PresidentialElection2016 #SemST
807,@HillaryClinton Will #BillClinton assault #MonicaLewinsky on her birthday? #liberals #HillaryClinton #SemST
808,If Hillary wins next year it'll be the first time two presidents have had sex with each other #SemST
809,President Jimmy Carter:  There's no doubt Hillary will get the nomination. And when she does I'll be happy to support her #SemST
810,@StarCoreOne02 @DrMartyFox Is it still 1992? We must be watching Back To The Future 10.0 #SemST
811,.@thehill umm.  Yyyeaaaaah. Sure they do. #SemST
812,@JedediahBila u must be counting the lies like sheep ..... #SemST
813,Technology has exposed more bad politicians than bad cops....Where Is Our Server Hillary? #CNN #SemST
814,Free and Equal in dignity and rights. #SemST
815,@CheerUpKaci @tmacGA70 It's the Clinton history of scandalous behavior.  #Integrity knows no sex. #HillaryonCNN #SemST
816,"Entire campaign platform for @HillaryClinton seems to be... ""I'm Hillary Clinton"".  #norecord #nosubstance #tcot #PJNET #SemST"
817,Imagine @JoeBiden runs for POTUS. Without a doubt a strong & popularly likable candidate against the Clinton. ------- #SemST
818,A lot of #GOPHaters for #Hillary - so funny because she is beating them all at 40% #SemST
819,"SUCCESS:  @HillaryClinton said she's receiving a constant barrage of attacks from ""the Right.""  Great job, guys. Keep it up! #SemST"
820,Do you Progressives know how dangerously close you are to suppressing free speech? Stop it.   #inners  #readyforhillary #SemST
821,"#Democrats and #Obama reduce OUR Army by 40,000   MEANWHILE   Has increased IRS to 100,000  #HillaryClinton #Hillary #SemST"
822,@CNNPolitics @PoliticalAnt @moody this is beautiful #oops #SemST
823,"#NoHillary2016 & her #PredatorRat, too. MT ""@steve0423: We need to get these stickers up nationwide! #tcot #RedNationRising #SemST"
824,"@forewit @HillaryClinton is a degenerate liar who will do, say, cheat, delete, anything to get another squat at 1600 Penn Ave. #SemST"
825,@Reince Hardly a hard-hitting interview like with GOP candidates. Did CNN preclear its questions with her campaign in advance?? #SemST
826,Democrats want power for themselves. Republicans will give YOU the power! #Election2016 #SemST
827,Dad while watching the news:  Politics is just show business for ugly people #HowAboutNo #SemST
828,.@thedailybeast such a waste of space #CrackingCeilings #SemST
829,@KrownRoyaleNY @jjauthor Bad for her is good for the U.S. @jlconnell66 #Killary #SemST
830,"RT @JohnFugelsang: They should just make the GOP primaries a reality game show called ""Who Wants To Get Beat Up By A Girl? #SemST"
831,@csham21 @EstadodeSats Thank you so much for supportive #Freedom4Cuba RTs! #WakeUpAmerica #Cuba #TodosMarchamos #SemST
832,"Can't #UniteBlue, RT LindaSuhler: Hillary:People Trust Me, Blames 'Constant Barrage of Attacks' By the Right #delusional #WakeUpA... #SemST"
833,@M_E_Adams if a Demonrat were to win I'd prefer Sanders over Killary. #SemST
834,@jschau11 wow!!! i can halp too!! #OBAMASUCKS #BLOWUPISIS #NOIRS #NOSHARIAUSA #NOAMNESTY #DAMNTHAT140  #USARULES...#ILOVETHIS #(:) #SemST
835,"#WhatILearnedToday @HillaryClinton already admitted to having at least 2 devices, more lies, it never stops #SemST"
836,@DesireeAaron @HillaryClinton  Sheets Clinton Ya got to love it #HillaryonCNN #HillaryClinton #SemST
837,.@jaketapper The way @HillaryClinton keeps lying I swear her father's real last name is Geppetto. #TCOT #WakeUpAmerica #SemST
838,It's a beautiful day for phone banking at the Hill House on 1529 Richland Street! Join us tonight at 6PM! @HillaryforSC #SemST
839,@ahbrees @TODAYshow  Attack? More like the daily liberal media defend Hillary and her lies!! #SemST
840,@DeatonCAPT Simple. Govt benefits. Surprised it's only 42%. Must be some dependents who want off welfare. #SemST
841,@stylistkavin Amazing how much they sound like Republicans! ; ) #ITrustHillary #SemST
842,@pdg811 Didn't realize I was in a Republican echo chamber of faux scandals! Ask Gowdy to #Releasethetranscript  #ITrustHillary #SemST
843,"Hillary Clinton has amassed $329 million in her career (3 of her top 5 donors are Citigroup, Goldman & JP Morgan). #Bernie2016 #SemST"
844,#HillaryonCNN   The wicked person flees when no one is chasing them - Proverbs  #SemST
845,@Scott_R_Ellis the reason she struggles to appear genuine is she is not a genuine person. Actions speak louder than words.  #SemST
846,@Levee_Breaks  The stench of low tide.is lasting NO! ===> #SemST
847,@CNNPolitics @JDiamond1 that's so ridiculous to treat people like that. They are doing their jobs. #SemST
848,Hilarity of the day: Hillary said she went 'above and beyond' in transparency. Really? What about the 30k deleted emails? #SemST
849,"@HillaryClinton Wow, #HillaryClinton looks very fat in that pants suit. #liberals #tlot #Democrats #SemST"
850,@HillaryClinton interview was ridiculous!! She's such a liar! #SemST
851,"Every time the republicans move to the middle, the liberals move the middle further to the left. #SemST"
852,".@HillaryClinton blames her lack of trust among the populace on @GOP, forgetting that she's a lying, conniving, murderous, cheat. #SemST"
853,"Hillary has sacrificed more Ambassadors, told more lies, hid and destroyed more evidence... The beat goes on,,, @McSadie #SemST"
854,@thehill : Women deserve a better candidate for the HIGH HONOR if first woman President: We ALL do! #WhyI'mNotVotingForHillary #SemST
855,A circus Act such as Donald Trump is short term entertainment. Soon to be canceled. #SemST
856,"@churstauthor Thanks for the follow Charles, may God bless you and your family !  #freeallfour #SemST"
857,@alison_rambles @RickCanton @ResistTyranny @RotNScoundrel @LeahR77 @LeahRBoss @RedStateJake  Because I have Grand Children!  #SemST
858,"If it weren't for her marriage, Hillary would unknown. Thanks a lot, Bill.  RT @MangyLover #HIllaryClinton #WeDontTrustYouHillary #SemST"
859,@TajMagruder  Facetious much? Had me going there. #SemST
860,@realDonaldTrump has my vote! The truth will set you free and we need transparency in Washington now more than ever! #SemST
861,.@HillaryClinton is a liar & corrupt.  Period. End of story.  #criminal #liar #hillaryforprison #uppers #tcot #SemST
862,Republicans in the White House will make America great again! #Trump #educateyourself #boycottlibralmedia #SemST
863,"@AndreaTantaros Clinton privilege transcends white privilege, rock star privilege, NFL privilege & intergalactic alien privilege. #SemST"
864,Hillary has learned The Blame Game well from Obama - she blames GOP for everything! #SemST
865,when i get married to my partner i want @HillaryClinton to be my maid of honor!  #govote #girlpower #lovewins #SemST
866,"Hey!!! If anyone wants to help with the Hillary camp at Charlotte pride, let me know!!! #nc #pride #lgbt #SemST"
867,Are we so desperate in this country to seriously consider a 60+ woman as president? #SemST
868,@JOEROWE409 @ScotsFyre Hillaey Clinton can't help but lie...it's who she really is. #SemST
869,"Hillary ""We came, we saw, he [Gaddaffi] died"" psychopath Clinton. #HillaryonCNN #Nothanks #SemST"
870,It bugs me when some people seek to invalidate centrist Democrats. I prefer a bigger tent. #SemST
871,Join the Hillary team now and come to the Jefferson County phone bank tomorrow from 6-8 at Bliss Studio in Fairfield! #SemST
872,"Mining is where all the money is but our ""Leader"" says otherwise #ArrestObama #RedNationRising #OperationBendOver #NoSanctuary #SemST"
873,I wish #OliviaPope could run @HillaryClinton 's campaign... #Scandal #livisreal #SemST
874,"Liberal's, why ARE you so intolerant?!? Why were your parents so intolerant? And their parents? #UniteBlue #SemST"
875,@CNN One would hope everyone would be fired up over such a blatant lie #SemST
876,Hillary gave her first big interview. Did she talk about the issues? Did she rally the left? Nope. Total dud. #Bernie2016 #SemST
877,"#Clintonemails are just a prelude of what her presidency could be if elected, a myrad of scandals @GOP @FloridaGOP @marcorubio #SemST"
878,@CNN and CNN proved they are not a legitimate news organization by not calling her out about all her lies. #JournalismIsDead #SemST
879,We stand with the great #Baltimore mayor! Fire all the Crooks in Uniform! @MayorSRB #FreddieGray #hannity @donlemon #BlueWall #SemST
880,HRC is delusional in addition to being a pathological liar.  1%er to the extreme.  #SemST
881,This is the 3rd time in U.S. that Republicans has a vacuum of presidential leadership. #SemST
882,'Hilary is not electable' then you stand no chance @realDonaldTrump #carnivalbarker #SemST
883,"If Hillary Clinton is elected president in 2016, this nation will surely experience unprecedented destruction. #SemST"
884,"@HillaryClinton : ""Change religious beliefs"" to accommodate the violence of abortion?! #WhyI'mNotVotingForHillary #SemST"
885,Voting Republican in 2016 gets you so much more than a free cellphone! #Election2016 #SemST
886,@HillaryClinton had a Legal obligation to prevent the destruction (preserve) Gov't & related documents (email). She didn't. #SemST
887,"@3_Card_Monty : I believe the title would be ""First Lord"". Let THAT sink in!! #PJNET #SemST"
888,@Independent Maybe it's his last name? Or maybe he's a bonafide racist with a militia membership. Lol. #Tattoos #SemST
889,"You know, when you talk bad about Hillary, in a sense, you're talking bad about me. #SemST"
890,"I will give the Jewish state all the support to vanquish Hamas & if that means killing 200,000 Gazans, than so be it. - #SemST"
891,Why did you lie about the #Benghazi subpoena? @HillaryClinton  No wonder no one trusts you.  #SemST
892,"@JoanOfArgghh I won't use the c-word, so I'll just say that everything Clinton does is a ""cunning stunt"". #HillaryonCNN #SemST"
893,Controlling #illegalimmigration is Now Racist According to @ChrisCuomo #NewDayCNN  Let's Bash #Trump ALL Day AGAIN #morningjoe #SemST
894,Vow today to fight the #FirstFamilyOfCorruption .@billclinton  .@hillaryclinton & keep her out of office #independents #tcot #SemST
895,During ClintonNo.1 prez stint all we heard was 'right wing conspiracy' -it's starting again #SemST
896,Jeb Bush says Americans should work longer hours. I'll do just that... TO ELECT HILLARY CLINTON! #SemST
897,@AC360 asked @realDonaldTrump the tough questions.  Too bad @CNN didn't ask @HillaryClinton the tough questions.  #SemST
898,@HillaryClinton : Women deserve a better candidate for the HIGH HONOR of first woman President. We ALL do! #SemST
899,@HillaryNews #GoKatie Ted you're not going to be President! #HillaryAllTheWay #GayMarriageisLegal #LGBT #GLAAD #PFLAG  #SemST
900,"I stand with @HillaryClinton I know she is for women, poor,children, middle class and GUN CONTROL. #SemST"
901,"@NoahCRothman ""Everything I did was permitted."" -HRC. ""If God is dead, all things are permitted"" -Dostoyevsky.  #tcot #SemST"
902,#EpicLiberalFail Hilary lied about Banghazi and is caught on audio biahahaha #p2 #uniteblue #libcrib #libtards #SemST
903,Enjoyed @jamiaw article on feminism + @hillaryclinton.We are building campaign that engages ppl through an intersectional lens #SemST
904,GW Bush gives $100K speech to wounded vets...then sells uranium to Russia. Oh wait. #SemST
905,@_Holly_Renee I want to fav this tweet....cause it's hilarious. But I give no support to #HillaryClinton #SemST
906,GOP Busted Trey Gowdy proved their #Benghazi hearings are politically motivated when he leaked documents to the press  #SemST
907,"@Chairmnoomowmow @DrMartyFox I'm on team ""Anyone other than Hillary #SemST"
908,@HillaryClinton Are those women #BillClinton's next targets for assault? #MonicaLewinsky #WarOnWomen #HillaryClinton #tlot #SemST
909,Trey Gowdy proved their #Benghazi hearings are politically motivated when he leaked documents to the press   #SemST
910,you can't bitch at me for donating to Dems.  Only way to get business done with them is to grease the skids #bribe #paytoplay #SemST
911,People should and do trust me.  -woman who also denied getting a subpoena Trey Gowdy served her before she deleted emails #SemST
912,@iaaronmitch Right now I think we're all sending special thanks to Donald Trump. #SemST
913,@peddoc63 @steph93065 @ChrisHollyMusic she's needs an Orange pantsuit! Permanently! #hillaryforprison #wakeupamerica #pjnet #SemST
914,hey @HillaryClinton when you LIED about the lack of a subpoena...you REALLY thought you wouldn't get caught? #LIAR #Corruptocrat #SemST
915,"@HillaryClinton lies just for the fun of it, its CRAZY!!!!! #NoHillary #WhyImNotVotingForHillary #SemST"
916,@murphymike @blakehounshell @ScottFConroy let's see jebs emails from 2000 when he helped his idiot brother steal the presidency #SemST
917,I BLOCKED 2 Liberals Today!..A Very Good Thursday! #GODBLESSTHEUSA #HardCoreAmericanConservative #2A #NRA #ArticleV  #NoMoreBushes #SemST
918,@rhhhhh380 What we need to do is support all Republicans and criticize the opposition. #SemST
919,@JessicaAndSandr I have 2 words for u  #Benghazi  #whitewater. She's morally questionable. We as women should demand better #SemST
920,@Westxgal @irisflower33: This money will buy the Anti-American Libs including #SemST
921,@HillaryClinton Hillary is a Directioner! This is awesome! :-) They need to sing at your Inauguration! #SemST
922,Ok now Latino are deciding who is going to be president of the US #Jeb2016 #DonaldTrump #Sanders2016 # #SemST
923,Only @theDemocrats want #crimigrants running amok in U.S. Cities.   #CancerIsProgressive #SemST
924,"@LeahR77 @HillaryClinton the unethical lying granny strikes again.  No charisma, no character, no accomplishments, no warmth #SemST"
925,Hey Hillary Clinton...How's things working out on #Servergate? Bury enough evidence yet?    #tcot #SemST
926,"Didn't take long for Clinton lackey @PaulBegala to play the ""crazy"" card. So predictable #SemST"
927,I dont understand the people that bash Donald Trump but take Hillary Clinton seriously #SemST
928,Did you hear the answer Hillary gave to a reporter when they asked a question?!?   Neither have I.  #SemST
929,"Hillarity claims no subpoenas, get put in her place with photographic evidence... So trustworthy... #WhatILearnedToday #SemST"
930,"Hillary has flipped yet again, and is now pro-sanctuary cities. #SemST"
931,"Hillary says people should and do trust her, phew wee I am glad she finally got that issue behind her. #SemST"
932,@LMdonney @HillaryClinton Thank you Carol 4your support and work in pursuit of electing @HillaryClinton POTUS.  #ITrustHillary #SemST
933,"Pondering why virtually all of my female friends, regardless of party, say they find Hillary annoying. #SemST"
934,@HillaryClinton @TheDemocrats How many Xanax does this wretched bitch need to sleep at night? #SemST
935,Hillary Clinton is the only one who can turn this country around we don't need another man in the office. #endsexism #SemST
936,"Republican on facebook said :If it comes down to a choice between Donald Trump and Hillary,  I'm not voting! #SemST"
937,"At the end of the day, support the candidate w/best chance of beating the progressive democrat.  Don't stay home.  #UniteRight #SemST"
938,@sgtis0905 @UnPoliticalPrty Never forget @emaleroland #Benghazi Shackle the criminal element #SemST
939,"One wonders, if your Government ignores the law, the rest of us can too right?  Just say no to  #SemST"
940,"It just depends on what the  definition of the word ""subponea"" is...  #subponea #SemST"
941,"Spitting on clergy.  Burning the American flag.  Shaming American ideology.  It's Obama's America, and @HillaryClinton loves it.   #SemST"
942,"@donnabrazile @DougHeye So this woman does one thing to help. She's GOP - she's, ultimately, the enemy - don't doubt it #SemST"
943,"@MarkBratlien Hi Mark, thank you so much for your follow, may God bless you and yours.  #freeallfour #SemST"
944,"@szabosolicitors Thanks for the follow counselor, may God bless you and your family !  #freeallfour #SemST"
945,"@jjauthor Janie, I am honored to be followed by you, thank you and God bless you.  #freeallfour #SemST"
946,"@FaithWarJournal Thank You for the follow, may God bless you all !  #freeallfour #SemST"
947,@lylafmills Simple. A revolution Two Independence Days And a clean slate. #2ndamendment #REMEMBERBENGHAZI2016 #PATRIOTSWILLRISE #SemST
948,So over 20 million government employees got their private info stolen. Has anyone checked @HillaryClinton server?  #2016 #Fail #SemST
949,The rebel flag flew off the pole & pulled trigger on gun that fired by itself  liberal dementia growing  daily #2a #rebelflag #SemST
950,@TheAtlantic cause  #Hillary Clinton is a LYING THEIVING CUNT  #SemST
951,"@billodoux Thanks for the follow, that his by far the cutest avatar I have seen, God bless you all ! #freealfour #SemST"
952,Proud of @HillaryClinton for supporting stronger gun control measures. #ReadyForHillary #SemST
953,So @HillaryClinton received a Subpoena to Testify & She ignored it! Is Hillary above The Law Now?  #SemST
954,I'm conservative but I must admit I'd rather see @SenSanders as president than Mrs. Clinton. #stillvotingGOP #politics #SemST
955,@Braidleigh 2016 is the due year for possible revolution.  The water has yet to boil over. #BetOnRed #PatriotsWillRise #SemST
956,@SaysMissy HRC takes us Americans for mindless fools!! How insulting! #PJNET #OiP #SemST
957,@BadgerGeno @kreichert27 @jackbahlman Too busy protesting :) #LoveForAll #BackdoorBadgers #SemST
958,Chelsea and her bitch mother #HillaryClinton should of committed suicide and spare the world of their hideous pasty face #SemST
959,Wouldn't be surprise that it comes to light that Chelsea's husband cheats on her. #HillaryClinton #SemST
960,Wouldn't be surprise that it comes to light that Chelsea's husband cheats on her like her Bill did on Hillary. #HillaryClinton #SemST
961,"The blacks cant admit that O is a failure. No, we dont need another affirmative action president #Obama #communism #SemST"
962,<<I'm just going to be my own little self and kind of keep going along and saying what I believe in!!1!! >> #tcot #SemST
963,I think that everything she says is a lie.   I mean EVERYTHING.   I don't even think her name is Hillary.  #WakeUpAmerica #SemST
964,.@HillaryClinton Looking 4ward 2 hearing your Economic Agenda on Monday July13. WOW a candidate talking Specifics & not Rhetoric! #SemST
965,@mataharikrishna I'm loving it too! Draw that contrast!!! #SemST
966,"@finneyk Can't stand @msnbc anymore, but hope @HillaryClinton will go on the @maddow Show! This needs to happen!! #SemST"
967,"Hillary can't create jobs! Last time she had a job to do, she outsourced it to Monica Lewinsky. #SemST"
968,"It's amazing to me how if you want a secure border & a legal process to immigration that makes sense, it means you are racist. #SemST"
